INSERT INTO auth_user (id, username, user_password, is_active, created_on) VALUE (1, 'Instructor_1', 'e10adc3949ba59abbe56e057f20f883e', 1, NOW());
INSERT INTO user_detail (user_id, first_name, last_name, email) VALUE (1, 'Instructor', 'User 1', 'instructor.user1@sms.com');

insert into auth_user (id, username, user_password, is_active, created_on) values (9, 'System_Admin_9', 'e10adc3949ba59abbe56e057f20f883e', 1, '2018-06-11');
insert into auth_user (id, username, user_password, is_active, created_on) values (15, 'System_Admin_15', 'e10adc3949ba59abbe56e057f20f883e', 1, '2018-04-06');

insert into auth_user (id, username, user_password, is_active, created_on) values (4, 'Instructor_4', 'e10adc3949ba59abbe56e057f20f883e', 1, '2018-12-14');
insert into auth_user (id, username, user_password, is_active, created_on) values (5, 'Instructor_5', 'e10adc3949ba59abbe56e057f20f883e', 1, '2018-08-07');
insert into auth_user (id, username, user_password, is_active, created_on) values (6, 'Instructor_6', 'e10adc3949ba59abbe56e057f20f883e', 1, '2018-07-18');
insert into auth_user (id, username, user_password, is_active, created_on) values (30, 'Instructor_30', 'e10adc3949ba59abbe56e057f20f883e', 1, '2018-08-09');

insert into auth_user (id, username, user_password, is_active, created_on) values (2, 'Student_2', 'e10adc3949ba59abbe56e057f20f883e', 1, '2018-05-26');
insert into auth_user (id, username, user_password, is_active, created_on) values (3, 'Student_3', 'e10adc3949ba59abbe56e057f20f883e', 1, '2018-05-23');
insert into auth_user (id, username, user_password, is_active, created_on) values (7, 'Student_7', 'e10adc3949ba59abbe56e057f20f883e', 1, '2018-03-22');
insert into auth_user (id, username, user_password, is_active, created_on) values (8, 'Student_8', 'e10adc3949ba59abbe56e057f20f883e', 1, '2019-03-29');
insert into auth_user (id, username, user_password, is_active, created_on) values (10, 'Student_10', 'e10adc3949ba59abbe56e057f20f883e', 1, '2018-05-22');
insert into auth_user (id, username, user_password, is_active, created_on) values (11, 'Student_11', 'e10adc3949ba59abbe56e057f20f883e', 1, '2017-12-25');
insert into auth_user (id, username, user_password, is_active, created_on) values (12, 'Student_12', 'e10adc3949ba59abbe56e057f20f883e', 1, '2019-01-24');
insert into auth_user (id, username, user_password, is_active, created_on) values (13, 'Student_13', 'e10adc3949ba59abbe56e057f20f883e', 1, '2018-11-01');
insert into auth_user (id, username, user_password, is_active, created_on) values (14, 'Student_14', 'e10adc3949ba59abbe56e057f20f883e', 1, '2018-07-29');
insert into auth_user (id, username, user_password, is_active, created_on) values (16, 'Student_16', 'e10adc3949ba59abbe56e057f20f883e', 1, '2018-05-08');
insert into auth_user (id, username, user_password, is_active, created_on) values (17, 'Student_17', 'e10adc3949ba59abbe56e057f20f883e', 1, '2018-10-12');
insert into auth_user (id, username, user_password, is_active, created_on) values (18, 'Student_18', 'e10adc3949ba59abbe56e057f20f883e', 1, '2018-07-21');
insert into auth_user (id, username, user_password, is_active, created_on) values (19, 'Student_19', 'e10adc3949ba59abbe56e057f20f883e', 1, '2019-03-06');
insert into auth_user (id, username, user_password, is_active, created_on) values (20, 'Student_20', 'e10adc3949ba59abbe56e057f20f883e', 1, '2018-09-27');
insert into auth_user (id, username, user_password, is_active, created_on) values (21, 'Student_21', 'e10adc3949ba59abbe56e057f20f883e', 1, '2018-05-12');
insert into auth_user (id, username, user_password, is_active, created_on) values (22, 'Student_22', 'e10adc3949ba59abbe56e057f20f883e', 1, '2018-03-29');
insert into auth_user (id, username, user_password, is_active, created_on) values (23, 'Student_23', 'e10adc3949ba59abbe56e057f20f883e', 1, '2018-04-03');
insert into auth_user (id, username, user_password, is_active, created_on) values (24, 'Student_24', 'e10adc3949ba59abbe56e057f20f883e', 1, '2018-01-09');
insert into auth_user (id, username, user_password, is_active, created_on) values (25, 'Student_25', 'e10adc3949ba59abbe56e057f20f883e', 1, '2017-12-30');
insert into auth_user (id, username, user_password, is_active, created_on) values (26, 'Student_26', 'e10adc3949ba59abbe56e057f20f883e', 1, '2018-02-10');
insert into auth_user (id, username, user_password, is_active, created_on) values (27, 'Student_27', 'e10adc3949ba59abbe56e057f20f883e', 1, '2019-04-05');
insert into auth_user (id, username, user_password, is_active, created_on) values (28, 'Student_28', 'e10adc3949ba59abbe56e057f20f883e', 1, '2018-11-18');
insert into auth_user (id, username, user_password, is_active, created_on) values (29, 'Student_29', 'e10adc3949ba59abbe56e057f20f883e', 1, '2019-03-26');

INSERT INTO auth_role (id, label_ar, description_ar) VALUE (1, 'Instructor', 'Teaching Courses');
INSERT INTO auth_role (id, label_ar, description_ar) VALUE (2, 'Student', 'Learning Courses');
INSERT INTO auth_role (id, label_ar, description_ar) VALUE (3, 'System Admin', 'Managing System');

INSERT INTO auth_user_role (user_id, role_id) VALUE (1, 1);
INSERT INTO auth_user_role (user_id, role_id) VALUE (4, 1);
INSERT INTO auth_user_role (user_id, role_id) VALUE (5, 1);
INSERT INTO auth_user_role (user_id, role_id) VALUE (6, 1);
INSERT INTO auth_user_role (user_id, role_id) VALUE (30, 1);

INSERT INTO auth_user_role (user_id, role_id) VALUE (9, 3);
INSERT INTO auth_user_role (user_id, role_id) VALUE (15, 3);
# INSERT INTO auth_view (id, label_ar, description_ar) VALUE (1, 'View-Course', 'Viewing Course Details Page');
# INSERT INTO auth_view (id, label_ar, description_ar) VALUE (2, 'Create-Course', 'Viewing Create Course Page');
# INSERT INTO auth_view (id, label_ar, description_ar) VALUE (3, 'Create-Translation', 'Viewing Create Course Translation Page');
#
# INSERT INTO auth_action (id, label_ar, description_ar) VALUE (1, 'Enroll-Course', '');
# INSERT INTO auth_action (id, label_ar, description_ar) VALUE (2, 'Submit-Course', '');
# INSERT INTO auth_action (id, label_ar, description_ar) VALUE (3, 'Submit-Translation', '');
# INSERT INTO auth_action (id, label_ar, description_ar) VALUE (4, 'Edit-Translation', '');

# INSERT INTO auth_role_view (role_id, view_id) VALUE (1,1);
# INSERT INTO auth_role_view (role_id, view_id) VALUE (1,2);
# INSERT INTO auth_role_action (role_id, action_id) VALUE (1,2);

# INSERT INTO auth_role_view (role_id, view_id) VALUE (2,1);
# INSERT INTO auth_role_action (role_id, action_id) VALUE (2,1);

# INSERT INTO auth_role (id, label_ar, description_ar) VALUE (3, 'Translator', 'Translating Courses');
# INSERT INTO auth_role_view (role_id, view_id) VALUE (3,1);
# INSERT INTO auth_role_view (role_id, view_id) VALUE (3,3);
# INSERT INTO auth_role_action (role_id, action_id) VALUE (3,3);
# INSERT INTO auth_role_action (role_id, action_id) VALUE (3,4);

# INSERT INTO auth_user_role (user_id, role_id) VALUE (1,1);
# INSERT INTO auth_user_role (user_id, role_id) VALUE (1,3);
# INSERT INTO auth_user_view (user_id, view_id) VALUE (1,1);
# INSERT INTO auth_user_view (user_id, view_id) VALUE (1,2);
# INSERT INTO auth_user_view (user_id, view_id) VALUE (1,3);
# INSERT INTO auth_user_action (user_id, action_id) VALUE (1,2);
# INSERT INTO auth_user_action (user_id, action_id) VALUE (1,3);
# INSERT INTO auth_user_action (user_id, action_id) VALUE (1,4);

# INSERT INTO auth_user_role (user_id, role_id) VALUE (2,2);
# INSERT INTO auth_user_view (user_id, view_id) VALUE (2,1);
# INSERT INTO auth_user_view (user_id, view_id) VALUE (2,3);
# INSERT INTO auth_user_action (user_id, action_id) VALUE (2,1);
# INSERT INTO auth_user_action (user_id, action_id) VALUE (2,3);

# INSERT INTO auth_user_role (user_id, role_id) VALUE (3,3);
# INSERT INTO auth_user_view (user_id, view_id) VALUE (3,1);
# INSERT INTO auth_user_view (user_id, view_id) VALUE (3,3);
# INSERT INTO auth_user_action (user_id, action_id) VALUE (3,3);

# SELECT * FROM auth_user_view WHERE user_id = 1 AND view_id IN (3, 2);
# SELECT * FROM auth_user_action WHERE user_id = 1 AND action_id = 4;


INSERT INTO cor_category (id, label_en) VALUES (1, 'Design');
INSERT INTO cor_category (id, label_en) VALUES (2, 'Artificial Intelligence');
INSERT INTO cor_category (id, label_en) VALUES (3, 'IT');
INSERT INTO cor_category (id, label_en) VALUES (4, 'Web Development');
INSERT INTO cor_category (id, label_en) VALUES (5, 'Network');
INSERT INTO cor_category (id, label_en) VALUES (6, 'Database');
INSERT INTO cor_category (id, label_en) VALUES (7, 'Security');

INSERT INTO cor_type (id, label_en) VALUES (1, 'Academic');
INSERT INTO cor_type (id, label_en) VALUES (2, 'Practical');
INSERT INTO cor_type (id, label_en) VALUES (3, 'Crash Course');

INSERT INTO cor_level (id, label_en) VALUES (1, 'Beginner');
INSERT INTO cor_level (id, label_en) VALUES (2, 'Intermediate');
INSERT INTO cor_level (id, label_en) VALUES (3, 'Advanced');

INSERT INTO course (id, cor_name, duration, start_date, end_date, instructor_id, category_id, type_id, level_id, description, image_path)
 VALUES (1, 'Java', 30, '2018-1-12', '2018-2-12', 1, 1, 1, 1, 'Intensive and hands-on, the course emphasizes becoming productive quickly as a Java™ application developer. This course quickly covers the Java language syntax and then moves into the object-oriented features of the language. Students will then learn the I/O streams and collections API packages. This
course is current to Java 7 and uses the Eclipse IDE.
', '/assets/images/course/java.png');

INSERT INTO course (id, cor_name, duration, start_date, end_date, instructor_id, category_id, type_id, level_id, description, image_path)
VALUES (2, 'C++', 15, '2018-2-05', '2018-2-28', 4, 2, 2, 2, 'Learn basic to advanced C++ programming with expert-taught courses. Start now! Live Mentoring. Skills Assessments. Over 5,000+ Courses. Offline Access. Courses: C++ Fundamentals, C++ Unit Testing, Modern C++ Concurrency, Computing in C++, Advanced C++ Programming.',
'/assets/images/course/c++.png');

INSERT INTO course (id, cor_name, duration, start_date, end_date, instructor_id, category_id, type_id, level_id, description, image_path)
VALUES (3, 'C', 45, '2018-2-15', '2018-3-25', 1, 2, 2, 2, 'Learn C programming with Alison. These C programming courses are for anyone looking for a C Programming tutorial that''s free and online.',
'/assets/images/course/c.jpg');

INSERT INTO course (id, cor_name, duration, start_date, end_date, instructor_id, category_id, type_id, level_id, description, image_path)
VALUES (4, 'C#', 3, '2018-5-22', '2018-8-03', 1, 2, 2, 2, 'The Complete C# Programming Course. Master C# and .NET Framework - learn with code challenges, exercises, and real-life examples! 4.4 (208).',
'/assets/images/course/c-sharp.jpg');

INSERT INTO course_std (cor_id, std_id) VALUE (1, 12);
INSERT INTO course_std (cor_id, std_id) VALUE (1, 15);
INSERT INTO course_std (cor_id, std_id) VALUE (1, 16);
INSERT INTO course_std (cor_id, std_id) VALUE (1, 17);
INSERT INTO course_std (cor_id, std_id) VALUE (1, 22);
INSERT INTO course_std (cor_id, std_id) VALUE (1, 23);
INSERT INTO course_std (cor_id, std_id) VALUE (1, 24);
INSERT INTO course_std (cor_id, std_id) VALUE (1, 25);
INSERT INTO course_std (cor_id, std_id) VALUE (1, 26);
INSERT INTO course_std (cor_id, std_id) VALUE (1, 29);


INSERT INTO course_std (cor_id, std_id) VALUE (2, 2);
INSERT INTO course_std (cor_id, std_id) VALUE (2, 3);
INSERT INTO course_std (cor_id, std_id) VALUE (2, 12);
INSERT INTO course_std (cor_id, std_id) VALUE (2, 16);
INSERT INTO course_std (cor_id, std_id) VALUE (2, 23);
INSERT INTO course_std (cor_id, std_id) VALUE (2, 24);

INSERT INTO course_std (cor_id, std_id) VALUE (3, 2);
INSERT INTO course_std (cor_id, std_id) VALUE (3, 3);
INSERT INTO course_std (cor_id, std_id) VALUE (3, 17);
INSERT INTO course_std (cor_id, std_id) VALUE (3, 19);
INSERT INTO course_std (cor_id, std_id) VALUE (3, 20);
INSERT INTO course_std (cor_id, std_id) VALUE (3, 8);
INSERT INTO course_std (cor_id, std_id) VALUE (3, 18);
INSERT INTO course_std (cor_id, std_id) VALUE (3, 10);
INSERT INTO course_std (cor_id, std_id) VALUE (3, 29);

INSERT INTO course_std (cor_id, std_id) VALUE (4, 3);
INSERT INTO course_std (cor_id, std_id) VALUE (4, 7);
INSERT INTO course_std (cor_id, std_id) VALUE (4, 8);
INSERT INTO course_std (cor_id, std_id) VALUE (4, 13);
INSERT INTO course_std (cor_id, std_id) VALUE (4, 14);
INSERT INTO course_std (cor_id, std_id) VALUE (4, 15);
INSERT INTO course_std (cor_id, std_id) VALUE (4, 18);
INSERT INTO course_std (cor_id, std_id) VALUE (4, 19);
INSERT INTO course_std (cor_id, std_id) VALUE (4, 22);
INSERT INTO course_std (cor_id, std_id) VALUE (4, 23);
INSERT INTO course_std (cor_id, std_id) VALUE (4, 24);
