INSERT INTO auth_user (id, username, user_password, is_active, created_on) VALUE (1, 'Instructor_1', 'e10adc3949ba59abbe56e057f20f883e', 1, NOW());
INSERT INTO user_detail (user_id, first_name, last_name, email) VALUE (1, 'Instructor', 'User 1', 'instructor.user1@sms.com');

insert into auth_user (id, username, user_password, is_active, created_on) values (9, 'System_Admin_9', 'e10adc3949ba59abbe56e057f20f883e', 1, '2018-06-11');
insert into auth_user (id, username, user_password, is_active, created_on) values (15, 'System_Admin_15', 'e10adc3949ba59abbe56e057f20f883e', 1, '2018-04-06');

insert into auth_user (id, username, user_password, is_active, created_on) values (4, 'Instructor_4', 'e10adc3949ba59abbe56e057f20f883e', 1, '2018-12-14');
insert into auth_user (id, username, user_password, is_active, created_on) values (5, 'Instructor_5', 'e10adc3949ba59abbe56e057f20f883e', 1, '2018-08-07');
insert into auth_user (id, username, user_password, is_active, created_on) values (6, 'Instructor_6', 'e10adc3949ba59abbe56e057f20f883e', 1, '2018-07-18');
insert into auth_user (id, username, user_password, is_active, created_on) values (30, 'Instructor_30', 'e10adc3949ba59abbe56e057f20f883e', 1, '2018-08-09');

insert into auth_user (id, username, user_password, is_active, created_on) values (2, 'Student_2', 'e10adc3949ba59abbe56e057f20f883e', 1, '2018-05-26');
insert into auth_user (id, username, user_password, is_active, created_on) values (3, 'Student_3', 'e10adc3949ba59abbe56e057f20f883e', 1, '2018-05-23');
insert into auth_user (id, username, user_password, is_active, created_on) values (7, 'Student_7', 'e10adc3949ba59abbe56e057f20f883e', 1, '2018-03-22');
insert into auth_user (id, username, user_password, is_active, created_on) values (8, 'Student_8', 'e10adc3949ba59abbe56e057f20f883e', 1, '2019-03-29');
insert into auth_user (id, username, user_password, is_active, created_on) values (10, 'Student_10', 'e10adc3949ba59abbe56e057f20f883e', 1, '2018-05-22');
insert into auth_user (id, username, user_password, is_active, created_on) values (11, 'Student_11', 'e10adc3949ba59abbe56e057f20f883e', 1, '2017-12-25');
insert into auth_user (id, username, user_password, is_active, created_on) values (12, 'Student_12', 'e10adc3949ba59abbe56e057f20f883e', 1, '2019-01-24');
insert into auth_user (id, username, user_password, is_active, created_on) values (13, 'Student_13', 'e10adc3949ba59abbe56e057f20f883e', 1, '2018-11-01');
insert into auth_user (id, username, user_password, is_active, created_on) values (14, 'Student_14', 'e10adc3949ba59abbe56e057f20f883e', 1, '2018-07-29');
insert into auth_user (id, username, user_password, is_active, created_on) values (16, 'Student_16', 'e10adc3949ba59abbe56e057f20f883e', 1, '2018-05-08');
insert into auth_user (id, username, user_password, is_active, created_on) values (17, 'Student_17', 'e10adc3949ba59abbe56e057f20f883e', 1, '2018-10-12');
insert into auth_user (id, username, user_password, is_active, created_on) values (18, 'Student_18', 'e10adc3949ba59abbe56e057f20f883e', 1, '2018-07-21');
insert into auth_user (id, username, user_password, is_active, created_on) values (19, 'Student_19', 'e10adc3949ba59abbe56e057f20f883e', 1, '2019-03-06');
insert into auth_user (id, username, user_password, is_active, created_on) values (20, 'Student_20', 'e10adc3949ba59abbe56e057f20f883e', 1, '2018-09-27');
insert into auth_user (id, username, user_password, is_active, created_on) values (21, 'Student_21', 'e10adc3949ba59abbe56e057f20f883e', 1, '2018-05-12');
insert into auth_user (id, username, user_password, is_active, created_on) values (22, 'Student_22', 'e10adc3949ba59abbe56e057f20f883e', 1, '2018-03-29');
insert into auth_user (id, username, user_password, is_active, created_on) values (23, 'Student_23', 'e10adc3949ba59abbe56e057f20f883e', 1, '2018-04-03');
insert into auth_user (id, username, user_password, is_active, created_on) values (24, 'Student_24', 'e10adc3949ba59abbe56e057f20f883e', 1, '2018-01-09');
insert into auth_user (id, username, user_password, is_active, created_on) values (25, 'Student_25', 'e10adc3949ba59abbe56e057f20f883e', 1, '2017-12-30');
insert into auth_user (id, username, user_password, is_active, created_on) values (26, 'Student_26', 'e10adc3949ba59abbe56e057f20f883e', 1, '2018-02-10');
insert into auth_user (id, username, user_password, is_active, created_on) values (27, 'Student_27', 'e10adc3949ba59abbe56e057f20f883e', 1, '2019-04-05');
insert into auth_user (id, username, user_password, is_active, created_on) values (28, 'Student_28', 'e10adc3949ba59abbe56e057f20f883e', 1, '2018-11-18');
insert into auth_user (id, username, user_password, is_active, created_on) values (29, 'Student_29', 'e10adc3949ba59abbe56e057f20f883e', 1, '2019-03-26');
INSERT INTO user_detail (user_id, first_name, last_name, email) VALUE (2, 'Student', 'User 2', 'student.user2@sms.com');
INSERT INTO user_detail (user_id, first_name, last_name, email) VALUE (3, 'Student', 'User 3', 'student.user3@sms.com');
INSERT INTO user_detail (user_id, first_name, last_name, email) VALUE (4, 'Instructor', 'User 4', 'instructor.user4@sms.com');
INSERT INTO user_detail (user_id, first_name, last_name, email) VALUE (5, 'Instructor', 'User 5', 'instructor.user5@sms.com');
INSERT INTO user_detail (user_id, first_name, last_name, email) VALUE (6, 'Instructor', 'User 6', 'instructor.user6@sms.com');
INSERT INTO user_detail (user_id, first_name, last_name, email) VALUE (7, 'Student', 'User 7', 'student.user7@sms.com');
INSERT INTO user_detail (user_id, first_name, last_name, email) VALUE (8, 'Student', 'User 8', 'student.user8@sms.com');
INSERT INTO user_detail (user_id, first_name, last_name, email) VALUE (9, 'System Admin', 'User 9', 'system.admin.user9@sms.com');
INSERT INTO user_detail (user_id, first_name, last_name, email) VALUE (10, 'Student', 'User 10', 'student.user10@sms.com');
INSERT INTO user_detail (user_id, first_name, last_name, email) VALUE (11, 'Student', 'User 11', 'student.user11@sms.com');
INSERT INTO user_detail (user_id, first_name, last_name, email) VALUE (12, 'Student', 'User 12', 'student.user12@sms.com');
INSERT INTO user_detail (user_id, first_name, last_name, email) VALUE (13, 'Student', 'User 13', 'student.user13@sms.com');
INSERT INTO user_detail (user_id, first_name, last_name, email) VALUE (14, 'Student', 'User 14', 'student.user14@sms.com');
INSERT INTO user_detail (user_id, first_name, last_name, email) VALUE (15, 'System Admin', 'User 15', 'system.admin.user15@sms.com');
INSERT INTO user_detail (user_id, first_name, last_name, email) VALUE (16, 'Student', 'User 16', 'student.user16@sms.com');
INSERT INTO user_detail (user_id, first_name, last_name, email) VALUE (17, 'Student', 'User 17', 'student.user17@sms.com');
INSERT INTO user_detail (user_id, first_name, last_name, email) VALUE (18, 'Student', 'User 18', 'student.user18@sms.com');
INSERT INTO user_detail (user_id, first_name, last_name, email) VALUE (19, 'Student', 'User 19', 'student.user19@sms.com');
INSERT INTO user_detail (user_id, first_name, last_name, email) VALUE (20, 'Student', 'User 20', 'student.user20@sms.com');
INSERT INTO user_detail (user_id, first_name, last_name, email) VALUE (21, 'Student', 'User 21', 'student.user21@sms.com');
INSERT INTO user_detail (user_id, first_name, last_name, email) VALUE (22, 'Student', 'User 22', 'student.user22@sms.com');
INSERT INTO user_detail (user_id, first_name, last_name, email) VALUE (23, 'Student', 'User 23', 'student.user23@sms.com');
INSERT INTO user_detail (user_id, first_name, last_name, email) VALUE (24, 'Student', 'User 24', 'student.user24@sms.com');
INSERT INTO user_detail (user_id, first_name, last_name, email) VALUE (25, 'Student', 'User 25', 'student.user25@sms.com');
INSERT INTO user_detail (user_id, first_name, last_name, email) VALUE (26, 'Student', 'User 26', 'student.user26@sms.com');
INSERT INTO user_detail (user_id, first_name, last_name, email) VALUE (27, 'Student', 'User 27', 'student.user27@sms.com');
INSERT INTO user_detail (user_id, first_name, last_name, email) VALUE (28, 'Student', 'User 28', 'student.user28@sms.com');
INSERT INTO user_detail (user_id, first_name, last_name, email) VALUE (29, 'Student', 'User 29', 'student.user29@sms.com');

INSERT INTO auth_role (id, label_ar, description_ar) VALUE (1, 'Instructor', 'Teaching Courses');
INSERT INTO auth_role (id, label_ar, description_ar) VALUE (2, 'Student', 'Learning Courses');
INSERT INTO auth_role (id, label_ar, description_ar) VALUE (3, 'System Admin', 'Managing System');

INSERT INTO auth_user_role (user_id, role_id) VALUE (1, 1);
INSERT INTO auth_user_role (user_id, role_id) VALUE (4, 1);
INSERT INTO auth_user_role (user_id, role_id) VALUE (5, 1);
INSERT INTO auth_user_role (user_id, role_id) VALUE (6, 1);
INSERT INTO auth_user_role (user_id, role_id) VALUE (30, 1);

INSERT INTO auth_user_role (user_id, role_id) VALUE (9, 3);
INSERT INTO auth_user_role (user_id, role_id) VALUE (15, 3);
# INSERT INTO auth_view (id, label_ar, description_ar) VALUE (1, 'View-Course', 'Viewing Course Details Page');
# INSERT INTO auth_view (id, label_ar, description_ar) VALUE (2, 'Create-Course', 'Viewing Create Course Page');
# INSERT INTO auth_view (id, label_ar, description_ar) VALUE (3, 'Create-Translation', 'Viewing Create Course Translation Page');
#
# INSERT INTO auth_action (id, label_ar, description_ar) VALUE (1, 'Enroll-Course', '');
# INSERT INTO auth_action (id, label_ar, description_ar) VALUE (2, 'Submit-Course', '');
# INSERT INTO auth_action (id, label_ar, description_ar) VALUE (3, 'Submit-Translation', '');
# INSERT INTO auth_action (id, label_ar, description_ar) VALUE (4, 'Edit-Translation', '');

# INSERT INTO auth_role_view (role_id, view_id) VALUE (1,1);
# INSERT INTO auth_role_view (role_id, view_id) VALUE (1,2);
# INSERT INTO auth_role_action (role_id, action_id) VALUE (1,2);

# INSERT INTO auth_role_view (role_id, view_id) VALUE (2,1);
# INSERT INTO auth_role_action (role_id, action_id) VALUE (2,1);

# INSERT INTO auth_role (id, label_ar, description_ar) VALUE (3, 'Translator', 'Translating Courses');
# INSERT INTO auth_role_view (role_id, view_id) VALUE (3,1);
# INSERT INTO auth_role_view (role_id, view_id) VALUE (3,3);
# INSERT INTO auth_role_action (role_id, action_id) VALUE (3,3);
# INSERT INTO auth_role_action (role_id, action_id) VALUE (3,4);

# INSERT INTO auth_user_role (user_id, role_id) VALUE (1,1);
# INSERT INTO auth_user_role (user_id, role_id) VALUE (1,3);
# INSERT INTO auth_user_view (user_id, view_id) VALUE (1,1);
# INSERT INTO auth_user_view (user_id, view_id) VALUE (1,2);
# INSERT INTO auth_user_view (user_id, view_id) VALUE (1,3);
# INSERT INTO auth_user_action (user_id, action_id) VALUE (1,2);
# INSERT INTO auth_user_action (user_id, action_id) VALUE (1,3);
# INSERT INTO auth_user_action (user_id, action_id) VALUE (1,4);

# INSERT INTO auth_user_role (user_id, role_id) VALUE (2,2);
# INSERT INTO auth_user_view (user_id, view_id) VALUE (2,1);
# INSERT INTO auth_user_view (user_id, view_id) VALUE (2,3);
# INSERT INTO auth_user_action (user_id, action_id) VALUE (2,1);
# INSERT INTO auth_user_action (user_id, action_id) VALUE (2,3);

# INSERT INTO auth_user_role (user_id, role_id) VALUE (3,3);
# INSERT INTO auth_user_view (user_id, view_id) VALUE (3,1);
# INSERT INTO auth_user_view (user_id, view_id) VALUE (3,3);
# INSERT INTO auth_user_action (user_id, action_id) VALUE (3,3);

# SELECT * FROM auth_user_view WHERE user_id = 1 AND view_id IN (3, 2);
# SELECT * FROM auth_user_action WHERE user_id = 1 AND action_id = 4;


INSERT INTO cor_category (id, label_en) VALUES (1, 'Design');
INSERT INTO cor_category (id, label_en) VALUES (2, 'Artificial Intelligence');
INSERT INTO cor_category (id, label_en) VALUES (3, 'IT');
INSERT INTO cor_category (id, label_en) VALUES (4, 'Web Development');
INSERT INTO cor_category (id, label_en) VALUES (5, 'Network');
INSERT INTO cor_category (id, label_en) VALUES (6, 'Database');
INSERT INTO cor_category (id, label_en) VALUES (7, 'Security');

INSERT INTO cor_type (id, label_en) VALUES (1, 'Academic');
INSERT INTO cor_type (id, label_en) VALUES (2, 'Practical');
INSERT INTO cor_type (id, label_en) VALUES (3, 'Crash Course');

INSERT INTO cor_level (id, label_en) VALUES (1, 'Beginner');
INSERT INTO cor_level (id, label_en) VALUES (2, 'Intermediate');
INSERT INTO cor_level (id, label_en) VALUES (3, 'Advanced');

INSERT INTO course (id, cor_name, duration, start_date, end_date, instructor_id, category_id, type_id, level_id, description, image_path)
 VALUES (1, 'Java', 30, '2018-1-12', '2018-2-12', 1, 1, 1, 1, 'Intensive and hands-on, the course emphasizes becoming productive quickly as a Java™ application developer. This course quickly covers the Java language syntax and then moves into the object-oriented features of the language. Students will then learn the I/O streams and collections API packages. This
course is current to Java 7 and uses the Eclipse IDE.
', '/assets/images/course/java.png');

INSERT INTO course (id, cor_name, duration, start_date, end_date, instructor_id, category_id, type_id, level_id, description, image_path)
VALUES (2, 'C++', 15, '2018-2-05', '2018-2-28', 4, 2, 2, 2, 'Learn basic to advanced C++ programming with expert-taught courses. Start now! Live Mentoring. Skills Assessments. Over 5,000+ Courses. Offline Access. Courses: C++ Fundamentals, C++ Unit Testing, Modern C++ Concurrency, Computing in C++, Advanced C++ Programming.',
'/assets/images/course/c++.png');

INSERT INTO course (id, cor_name, duration, start_date, end_date, instructor_id, category_id, type_id, level_id, description, image_path)
VALUES (3, 'C', 45, '2018-2-15', '2018-3-25', 1, 2, 2, 2, 'Learn C programming with Alison. These C programming courses are for anyone looking for a C Programming tutorial that''s free and online.',
'/assets/images/course/c.jpg');

INSERT INTO course (id, cor_name, duration, start_date, end_date, instructor_id, category_id, type_id, level_id, description, image_path)
VALUES (4, 'C#', 3, '2018-5-22', '2018-8-03', 1, 2, 2, 2, 'The Complete C# Programming Course. Master C# and .NET Framework - learn with code challenges, exercises, and real-life examples! 4.4 (208).',
'/assets/images/course/c-sharp.jpg');

INSERT INTO course (id, cor_name, duration, start_date, end_date, instructor_id, category_id, type_id, level_id, description)
VALUES (5, 'Alogorithms', 30 , '2019-4-26', '2019-8-03', 1, 2, 2, 2, 'introduction to the design and analysis of algorithms, enabling you to discover how individuals are connected.');


INSERT INTO course (id, cor_name, duration, start_date, end_date, instructor_id, category_id, type_id, level_id, description)
VALUES (6, 'Neural Network', 45 , '2019-5-1', '2019-8-06', 1, 2, 2, 2, 'Like the course I just released on Hidden Markov Models, Recurrent Neural Networks are all about learning sequences - but whereas Markov Models are limited by the Markov assumption, Recurrent Neural Networks are not - and as a result, they are more expressive, and more powerful than anything we’ve seen on tasks that we haven’t made progress on in decades.');


INSERT INTO course (id, cor_name, duration, start_date, end_date, instructor_id, category_id, type_id, level_id, description)
VALUES (7, 'Data Structure', 50 , '2019-5-26', '2019-9-03', 1, 2, 2, 2, 'Learn about data structures that are used in computational thinking – both basic and advanced.');


INSERT INTO course (id, cor_name, duration, start_date, end_date, instructor_id, category_id, type_id, level_id, description)
VALUES (8, 'Object Oriented Programming', 70 , '2019-6-01', '2019-10-01', 1, 2, 2, 2, 'In this course, we''ll get you up and running with classes, objects');






INSERT INTO college (id, labelEN) VALUES ('1', 'engineering');
INSERT INTO college (id, labelEN) VALUES ('2', 'low');

INSERT INTO university (id, labelEN) VALUES ('1', 'Benha');
INSERT INTO university (id, labelEN) VALUES ('2', 'Cairo');

INSERT INTO country (id, labelEN) VALUES ('1', 'Egypt');
INSERT INTO country (id, labelEN) VALUES ('2', 'Sudan');

INSERT INTO question_type (id, label_en) VALUES ('1', 'mcq');
INSERT INTO question_type (id, label_en) VALUES ('2', 'truefalse');



UPDATE user_detail SET college_id='1' WHERE user_id='1';
UPDATE user_detail SET college_id='2' WHERE user_id='2';




INSERT INTO `sms`.`announcment` (`id`, `title`, `content`, `announ_date`, `course_id`) VALUES ('1', 'Quiz 1', 'The last date for the Quiz on Sunday 14-5-2019', '2019-05-20', '1');
INSERT INTO `sms`.`announcment` (`id`, `title`, `content`, `announ_date`, `course_id`) VALUES ('2', 'Assi 1', 'This is the first Assignment for Java', '2019-06-21', '1');
INSERT INTO `sms`.`announcment` (`id`, `title`, `content`, `announ_date`, `course_id`) VALUES ('3', 'Attention', 'The next session has been canceled', '2019-07-12', '1');
INSERT INTO `sms`.`announcment` (`id`, `title`, `content`, `announ_date`, `course_id`) VALUES ('4', 'Grades', 'The result of first Quiz will be announced on Sunday', '2019-08-20', '1');
INSERT INTO `sms`.`announcment` (`id`, `title`, `content`, `announ_date`, `course_id`) VALUES ('5', 'Attention', 'We will be increase a lecture  to the java course  and will be announced next Saturday', '2019-01-20', '1');
INSERT INTO `sms`.`announcment` (`id`, `title`, `content`, `announ_date`, `course_id`) VALUES ('6', 'Quiz 2', 'The last date for the Quiz on Saturday 11-6-2019', '2019-02-14', '1');
INSERT INTO `sms`.`announcment` (`id`, `title`, `content`, `announ_date`, `course_id`) VALUES ('7', 'Attention', 'Special videos will be uploaded to this course to facilitate understanding of the content', '2019-03-25', '1');
INSERT INTO `sms`.`announcment` (`id`, `title`, `content`, `announ_date`, `course_id`) VALUES ('8', 'Grades', 'The second QIZ scores are unsatisfactory
We want to improve the level and study well', '2019-04-22', '1');
INSERT INTO `sms`.`announcment` (`id`, `title`, `content`, `announ_date`, `course_id`) VALUES ('9', 'Quiz 3', 'The last date for the Quiz on Saturday 16-7-2019', '2019-09-20', '1');
INSERT INTO `sms`.`announcment` (`id`, `title`, `content`, `announ_date`, `course_id`) VALUES ('10', 'Assi 2', 'This is the second Assignment for Java', '2019-10-15', '1');

INSERT INTO `sms`.`attendance` (`id`, `cor_id`, `created_on`) VALUES ('1', '1', '2019-01-03');
INSERT INTO `sms`.`attendance` (`id`, `cor_id`, `created_on`) VALUES ('2', '1', '2019-02-24');
INSERT INTO `sms`.`attendance` (`id`, `cor_id`, `created_on`) VALUES ('3', '6', '2019-04-12');
INSERT INTO `sms`.`attendance` (`id`, `cor_id`, `created_on`) VALUES ('4', '6', '2019-03-03');
INSERT INTO `sms`.`attendance` (`id`, `cor_id`, `created_on`) VALUES ('5', '1', '2019-07-03');
INSERT INTO `sms`.`attendance` (`id`, `cor_id`, `created_on`) VALUES ('6', '2', '2019-08-25');
INSERT INTO `sms`.`attendance` (`id`, `cor_id`, `created_on`) VALUES ('7', '2', '2019-09-24');
INSERT INTO `sms`.`attendance` (`id`, `cor_id`, `created_on`) VALUES ('8', '2', '2019-05-11');
INSERT INTO `sms`.`attendance` (`id`, `cor_id`, `created_on`) VALUES ('9', '3', '2019-01-04');
INSERT INTO `sms`.`attendance` (`id`, `cor_id`, `created_on`) VALUES ('10', '7', '2019-04-03');
INSERT INTO `sms`.`attendance` (`id`, `cor_id`, `created_on`) VALUES ('11', '7', '2019-08-10');
INSERT INTO `sms`.`attendance` (`id`, `cor_id`, `created_on`) VALUES ('12', '3', '2019-02-14');
INSERT INTO `sms`.`attendance` (`id`, `cor_id`, `created_on`) VALUES ('13', '4', '2019-09-03');
INSERT INTO `sms`.`attendance` (`id`, `cor_id`, `created_on`) VALUES ('14', '8', '2019-01-15');
INSERT INTO `sms`.`attendance` (`id`, `cor_id`, `created_on`) VALUES ('15', '4', '2019-05-08');
INSERT INTO `sms`.`attendance` (`id`, `cor_id`, `created_on`) VALUES ('16', '8', '2019-03-07');
INSERT INTO `sms`.`attendance` (`id`, `cor_id`, `created_on`) VALUES ('17', '5', '2019-10-03');
INSERT INTO `sms`.`attendance` (`id`, `cor_id`, `created_on`) VALUES ('18', '8', '2019-11-24');
INSERT INTO `sms`.`attendance` (`id`, `cor_id`, `created_on`) VALUES ('19', '7', '2019-09-11');
INSERT INTO `sms`.`attendance` (`id`, `cor_id`, `created_on`) VALUES ('20', '5', '2019-03-02');


INSERT INTO `sms`.`quiz` (`id`, `quiz_name`, `grade`, `start_date`, `course_id`, `close_date`, `auto_close`) VALUES ('1', 'quiz1', '10', '2019-6-12', '1', '2019-6-15', '0');

INSERT INTO `sms`.`quiz` (`id`, `quiz_name`, `grade`, `start_date`, `course_id`, `close_date`, `auto_close`) VALUES ('2', 'quiz2', '20', '2019-7-12', '1', '2019-7-15', '1');

INSERT INTO `sms`.`quiz` (`id`, `quiz_name`, `grade`, `start_date`, `course_id`, `close_date`, `auto_close`) VALUES ('3', 'quiz3', '15', '2019-8-12', '1', '2019-8-15', '0');

INSERT INTO `sms`.`quiz` (`id`, `quiz_name`, `grade`, `start_date`, `course_id`, `close_date`, `auto_close`) VALUES ('4', 'quiz4', '5', '2019-9-12', '1', '2019-9-15', '1');

INSERT INTO `sms`.`quiz` (`id`, `quiz_name`, `grade`, `start_date`, `course_id`, `close_date`, `auto_close`) VALUES ('5', 'quiz1', '10', '2019-4-10', '2', '2019-4-12', '0');

INSERT INTO `sms`.`quiz` (`id`, `quiz_name`, `grade`, `start_date`, `course_id`, `close_date`, `auto_close`) VALUES ('6', 'quiz2', '30', '2019-5-10', '2', '2019-5-12', '1');

INSERT INTO `sms`.`quiz` (`id`, `quiz_name`, `grade`, `start_date`, `course_id`, `close_date`, `auto_close`) VALUES ('7', 'quiz3', '12', '2019-6-10', '2', '2019-6-12', '0');

INSERT INTO `sms`.`quiz` (`id`, `quiz_name`, `grade`, `start_date`, `course_id`, `close_date`, `auto_close`) VALUES ('8', 'quiz4', '18', '2019-7-10', '2', '2019-7-12', '1');



INSERT INTO `sms`.`quiz` (`id`, `quiz_name`, `grade`, `start_date`, `course_id`, `close_date`, `auto_close`) VALUES ('9', 'quiz1', '20', '2019-1-5', '3', '2019-1-6', '0');

INSERT INTO `sms`.`quiz` (`id`, `quiz_name`, `grade`, `start_date`, `course_id`, `close_date`, `auto_close`) VALUES ('10', 'quiz2', '30', '2019-2-5', '3', '2019-2-6', '1');

INSERT INTO `sms`.`quiz` (`id`, `quiz_name`, `grade`, `start_date`, `course_id`, `close_date`, `auto_close`) VALUES ('11', 'quiz3', '14', '2019-3-5', '3', '2019-3-6', '0');

INSERT INTO `sms`.`quiz` (`id`, `quiz_name`, `grade`, `start_date`, `course_id`, `close_date`, `auto_close`) VALUES ('12', 'quiz4', '16', '2019-4-5', '3', '2019-4-6', '1');

INSERT INTO `sms`.`quiz` (`id`, `quiz_name`, `grade`, `start_date`, `course_id`, `close_date`, `auto_close`) VALUES ('13', 'quiz1', '5', '2019-4-11', '4', '2019-4-13', '0');

INSERT INTO `sms`.`quiz` (`id`, `quiz_name`, `grade`, `start_date`, `course_id`, `close_date`, `auto_close`) VALUES ('14', 'quiz2', '19', '2019-5-11', '4', '2019-5-13', '1');

INSERT INTO `sms`.`quiz` (`id`, `quiz_name`, `grade`, `start_date`, `course_id`, `close_date`, `auto_close`) VALUES ('15', 'quiz3', '12', '2019-6-11', '4', '2019-6-13', '0');

INSERT INTO `sms`.`quiz` (`id`, `quiz_name`, `grade`, `start_date`, `course_id`, `close_date`, `auto_close`) VALUES ('16', 'quiz4', '10', '2019-7-11', '4', '2019-7-13', '1');



INSERT INTO `sms`.`quiz` (`id`, `quiz_name`, `grade`, `start_date`, `course_id`, `close_date`, `auto_close`) VALUES ('17', 'quiz1', '16', '2019-10-1', '5', '2019-10-2', '0');

INSERT INTO `sms`.`quiz` (`id`, `quiz_name`, `grade`, `start_date`, `course_id`, `close_date`, `auto_close`) VALUES ('18', 'quiz2', '15', '2019-11-1', '5', '2019-11-2', '1');

INSERT INTO `sms`.`quiz` (`id`, `quiz_name`, `grade`, `start_date`, `course_id`, `close_date`, `auto_close`) VALUES ('19', 'quiz3', '20', '2019-12-1', '5', '2019-12-2', '0');

INSERT INTO `sms`.`quiz` (`id`, `quiz_name`, `grade`, `start_date`, `course_id`, `close_date`, `auto_close`) VALUES ('20', 'quiz4', '17', '2019-1-1', '5', '2019-1-2', '1');

INSERT INTO `sms`.`quiz` (`id`, `quiz_name`, `grade`, `start_date`, `course_id`, `close_date`, `auto_close`) VALUES ('21', 'quiz1', '15', '2019-2-24', '6', '2019-2-26', '0');

INSERT INTO `sms`.`quiz` (`id`, `quiz_name`, `grade`, `start_date`, `course_id`, `close_date`, `auto_close`) VALUES ('22', 'quiz2', '5', '2019-3-24', '6', '2019-3-26', '1');

INSERT INTO `sms`.`quiz` (`id`, `quiz_name`, `grade`, `start_date`, `course_id`, `close_date`, `auto_close`) VALUES ('23', 'quiz3', '10', '2019-4-24', '6', '2019-4-26', '0');

INSERT INTO `sms`.`quiz` (`id`, `quiz_name`, `grade`, `start_date`, `course_id`, `close_date`, `auto_close`) VALUES ('24', 'quiz4', '30', '2019-5-24', '6', '2019-5-26', '1');



INSERT INTO `sms`.`quiz` (`id`, `quiz_name`, `grade`, `start_date`, `course_id`, `close_date`, `auto_close`) VALUES ('25', 'quiz1', '11', '2019-2-26', '7', '2019-2-27', '0');

INSERT INTO `sms`.`quiz` (`id`, `quiz_name`, `grade`, `start_date`, `course_id`, `close_date`, `auto_close`) VALUES ('26', 'quiz2', '10', '2019-3-28', '7', '2019-3-29', '1');

INSERT INTO `sms`.`quiz` (`id`, `quiz_name`, `grade`, `start_date`, `course_id`, `close_date`, `auto_close`) VALUES ('27', 'quiz3', '5', '2019-4-27', '7', '2019-4-28', '0');

INSERT INTO `sms`.`quiz` (`id`, `quiz_name`, `grade`, `start_date`, `course_id`, `close_date`, `auto_close`) VALUES ('28', 'quiz4', '10', '2019-5-24', '7', '2019-5-25', '1');


INSERT INTO `sms`.`course_std` (`id`, `cor_id`, `std_id`, `mid_1_grd`, `semi_final_grd`, `mid_2_grd`, `final_grd`) VALUES ('1', '1', '2', '10', '7', '5', '9');
INSERT INTO `sms`.`course_std` (`id`, `cor_id`, `std_id`, `mid_1_grd`, `semi_final_grd`, `mid_2_grd`, `final_grd`) VALUES ('2', '1', '3', '9', '9', '6', '9');
INSERT INTO `sms`.`course_std` (`id`, `cor_id`, `std_id`, `mid_1_grd`, `semi_final_grd`, `mid_2_grd`, `final_grd`) VALUES ('3', '1', '8', '2', '3', '3', '5');
INSERT INTO `sms`.`course_std` (`id`, `cor_id`, `std_id`, `mid_1_grd`, `semi_final_grd`, `mid_2_grd`, `final_grd`) VALUES ('4', '1', '10', '10', '6', '5', '7');
INSERT INTO `sms`.`course_std` (`id`, `cor_id`, `std_id`, `mid_1_grd`, `semi_final_grd`, `mid_2_grd`, `final_grd`) VALUES ('5', '1', '7', '4', '9', '5', '3');
INSERT INTO `sms`.`course_std` (`id`, `cor_id`, `std_id`, `mid_1_grd`, `semi_final_grd`, `mid_2_grd`, `final_grd`) VALUES ('6', '2', '2', '10', '9', '5', '9');
INSERT INTO `sms`.`course_std` (`id`, `cor_id`, `std_id`, `mid_1_grd`, `semi_final_grd`, `mid_2_grd`, `final_grd`) VALUES ('7', '2', '14', '5', '3', '5', '2');
INSERT INTO `sms`.`course_std` (`id`, `cor_id`, `std_id`, `mid_1_grd`, `semi_final_grd`, `mid_2_grd`, `final_grd`) VALUES ('8', '2', '16', '9', '1', '5', '0');



INSERT INTO `sms`.`course_std` (`id`, `cor_id`, `std_id`, `mid_1_grd`, `semi_final_grd`, `mid_2_grd`, `final_grd`) VALUES ('9', '2', '8', '10', '8', '3', '10');
INSERT INTO `sms`.`course_std` (`id`, `cor_id`, `std_id`, `mid_1_grd`, `semi_final_grd`, `mid_2_grd`, `final_grd`) VALUES ('10', '2', '7', '3', '9', '9', '0');



INSERT INTO `sms`.`course_std` (`id`, `cor_id`, `std_id`, `mid_1_grd`, `semi_final_grd`, `mid_2_grd`, `final_grd`) VALUES ('11', '3', '23', '4', '2', '8', '6');
INSERT INTO `sms`.`course_std` (`id`, `cor_id`, `std_id`, `mid_1_grd`, `semi_final_grd`, `mid_2_grd`, `final_grd`) VALUES ('12', '3', '25', '10', '4', '4', '7');
INSERT INTO `sms`.`course_std` (`id`, `cor_id`, `std_id`, `mid_1_grd`, `semi_final_grd`, `mid_2_grd`, `final_grd`) VALUES ('13', '3', '11', '6', '3', '6', '1');
INSERT INTO `sms`.`course_std` (`id`, `cor_id`, `std_id`, `mid_1_grd`, `semi_final_grd`, `mid_2_grd`, `final_grd`) VALUES ('14', '3', '2', '10', '8', '9', '0');
INSERT INTO `sms`.`course_std` (`id`, `cor_id`, `std_id`, `mid_1_grd`, `semi_final_grd`, `mid_2_grd`, `final_grd`) VALUES ('15', '3', '3', '4', '4', '4', '7');
INSERT INTO `sms`.`course_std` (`id`, `cor_id`, `std_id`, `mid_1_grd`, `semi_final_grd`, `mid_2_grd`, `final_grd`) VALUES ('16', '3', '7', '6', '10', '7', '10');

